<?xml version="1.0" encoding="utf-8"?>
<PSXExtensionHandlerConfiguration handlerName="Java">
	<Extension categorystring="" context="global/percussion/user/" deprecated="no" handler="Java" name="psoFolders" restoreRequestParamsOnError="no">
		<initParam name="com.percussion.user.description">PSO folder utilities</initParam>
		<initParam name="com.percussion.extension.version">1</initParam>
		<initParam name="com.percussion.extension.reentrant">yes</initParam>
		<initParam name="className">com.percussion.pso.jexl.PSOFolderTools</initParam>
		<interface name="com.percussion.extension.IPSJexlExpression"/>
		<suppliedResources/>
	</Extension>
	<Extension categorystring="" context="global/percussion/user/" deprecated="no" handler="Java" name="psoRelationships" restoreRequestParamsOnError="no">
		<initParam name="com.percussion.user.description">PSO Relationship utilities</initParam>
		<initParam name="com.percussion.extension.version">1</initParam>
		<initParam name="com.percussion.extension.reentrant">yes</initParam>
		<initParam name="className">com.percussion.pso.jexl.PSORelationshipTools</initParam>
		<interface name="com.percussion.extension.IPSJexlExpression"/>
		<suppliedResources/>
	</Extension>
	<Extension categorystring="" context="global/percussion/user/" deprecated="no" handler="Java" name="psoNavTools" restoreRequestParamsOnError="no">
		<initParam name="com.percussion.user.description">PSO Navigation utilities</initParam>
		<initParam name="com.percussion.extension.version">1</initParam>
		<initParam name="com.percussion.extension.reentrant">yes</initParam>
		<initParam name="className">com.percussion.pso.jexl.PSONavTools</initParam>
		<interface name="com.percussion.extension.IPSJexlExpression"/>
		<suppliedResources/>
	</Extension>
	<Extension categorystring="" context="global/percussion/user/" deprecated="no" handler="Java" name="psoTransform" restoreRequestParamsOnError="no">
		<initParam name="com.percussion.user.description">PSO Transform</initParam>
		<initParam name="com.percussion.extension.version">1</initParam>
		<initParam name="com.percussion.extension.reentrant">yes</initParam>
		<initParam name="className">com.percussion.pso.jexl.PSOTransform</initParam>
		<interface name="com.percussion.extension.IPSJexlExpression"/>
		<suppliedResources/>
	</Extension>
	<Extension categorystring="" context="global/percussion/user/" deprecated="no" handler="Java" name="psoBase64" restoreRequestParamsOnError="no">
		<initParam name="com.percussion.user.description">PSO Base64 coder/decoder. Handles some extended functions not available in the system class</initParam>
		<initParam name="com.percussion.extension.version">1</initParam>
		<initParam name="com.percussion.extension.reentrant">yes</initParam>
		<initParam name="className">com.percussion.pso.jexl.PSOBase64Codec</initParam>
		<interface name="com.percussion.extension.IPSJexlExpression"/>
		<suppliedResources/>
	</Extension>
	<Extension categorystring="" context="global/percussion/user/" deprecated="no" handler="Java" name="psoObjectFinder" restoreRequestParamsOnError="no">
		<initParam name="com.percussion.user.description">PSO Object finder. Finds legacy objects for this item.</initParam>
		<initParam name="com.percussion.extension.version">1</initParam>
		<initParam name="com.percussion.extension.reentrant">yes</initParam>
		<initParam name="className">com.percussion.pso.jexl.PSOObjectFinder</initParam>
		<interface name="com.percussion.extension.IPSJexlExpression"/>
		<suppliedResources/>
	</Extension>
	<Extension categorystring="" context="global/percussion/user/" deprecated="no" handler="Java" name="psoQueryTools" restoreRequestParamsOnError="no">
		<initParam name="com.percussion.user.description">Executes JCR Queries</initParam>
		<initParam name="com.percussion.extension.version">1</initParam>
		<initParam name="com.percussion.extension.reentrant">yes</initParam>
		<initParam name="className">com.percussion.pso.jexl.PSOQueryTools</initParam>
		<interface name="com.percussion.extension.IPSJexlExpression"/>
		<suppliedResources/>
	</Extension>
	<Extension categorystring="" context="global/percussion/user/" deprecated="no" handler="Java" name="psoStringTools" restoreRequestParamsOnError="no">
		<initParam name="com.percussion.user.description">Simple String Utilities</initParam>
		<initParam name="com.percussion.extension.version">1</initParam>
		<initParam name="com.percussion.extension.reentrant">yes</initParam>
		<initParam name="className">com.percussion.pso.jexl.PSOStringTools</initParam>
		<interface name="com.percussion.extension.IPSJexlExpression"/>
		<suppliedResources/>
	</Extension>
	<Extension categorystring="" context="global/percussion/user/" deprecated="no" handler="Java" name="psoListTools" restoreRequestParamsOnError="no">
		<initParam name="com.percussion.user.description">PSO List utilities</initParam>
		<initParam name="com.percussion.extension.version">1</initParam>
		<initParam name="com.percussion.extension.reentrant">yes</initParam>
		<initParam name="className">com.percussion.pso.jexl.PSOListTools</initParam>
		<interface name="com.percussion.extension.IPSJexlExpression"/>
		<suppliedResources/>
	</Extension>
	<Extension categorystring="" context="global/percussion/user/" deprecated="no" handler="Java" name="psoMapTools" restoreRequestParamsOnError="no">
		<initParam name="com.percussion.user.description">PSO Map utilities</initParam>
		<initParam name="com.percussion.extension.version">1</initParam>
		<initParam name="com.percussion.extension.reentrant">yes</initParam>
		<initParam name="className">com.percussion.pso.jexl.PSOMapTools</initParam>
		<interface name="com.percussion.extension.IPSJexlExpression"/>
		<suppliedResources/>
	</Extension>
	<Extension categorystring="" context="global/percussion/user/" deprecated="no" handler="Java" name="psoSlotTools" restoreRequestParamsOnError="no">
		<initParam name="com.percussion.user.description">PSO Slot utilities</initParam>
		<initParam name="com.percussion.extension.version">1</initParam>
		<initParam name="com.percussion.extension.reentrant">yes</initParam>
		<initParam name="className">com.percussion.pso.jexl.PSOSlotTools</initParam>
		<interface name="com.percussion.extension.IPSJexlExpression"/>
		<suppliedResources/>
	</Extension>
	<Extension categorystring="" context="global/percussion/workflow/" deprecated="no" handler="Java" name="psoWorkflowActionDispatcher" restoreRequestParamsOnError="no">
      <initParam name="com.percussion.user.description">This dispatches multiple Workflow Actions on a single transition. The configuration is in a properties file.</initParam>
      <initParam name="com.percussion.extension.version">1</initParam>
      <initParam name="com.percussion.extension.reentrant">yes</initParam>
      <initParam name="className">com.percussion.pso.workflow.PSOWFActionDispatcher</initParam>
      <interface name="com.percussion.extension.IPSWorkflowAction"/>
      <suppliedResources/>
   </Extension> 
   <Extension categorystring="" context="global/percussion/workflow/" deprecated="no" handler="Java" name="psoSpringWorkflowActionDispatcher" restoreRequestParamsOnError="no">
      <initParam name="com.percussion.user.description">This dispatches multiple Workflow Actions on a single transition. The configuration is in a Spring bean.</initParam>
      <initParam name="com.percussion.extension.version">1</initParam>
      <initParam name="com.percussion.extension.reentrant">yes</initParam>
      <initParam name="className">com.percussion.pso.workflow.PSOSpringWorkflowActionDispatcher</initParam>
      <interface name="com.percussion.extension.IPSWorkflowAction"/>
      <suppliedResources/>
   </Extension> 
   <Extension categorystring="" context="global/percussion/generic/" deprecated="no" handler="Java" name="PSONextNumberUdf" restoreRequestParamsOnError="no">
		<initParam name="com.percussion.user.description">Generate the next number for a key</initParam>
		<initParam name="com.percussion.extension.version">1</initParam>
		<initParam name="com.percussion.extension.reentrant">yes</initParam>
		<initParam name="className">com.percussion.pso.legacy.PSONextNumberUDF</initParam>
		<interface name="com.percussion.extension.IPSUdfProcessor"/>
		<PSXExtensionParamDef id="0">
			<name>keyName</name>
			<dataType>java.lang.String</dataType>
			<description>Next Number Table Key Name</description>
		</PSXExtensionParamDef>
		<suppliedResources/>
	</Extension>   
	<Extension name="sys_previewFilter" context="global/percussion/itemfilter" handler="Java" categorystring="itemfilter" deprecated="no">
		<initParam name="com.percussion.user.description">Items revisions are filtered to select the current or edit revisions of items</initParam>
		<initParam name="com.percussion.extension.version">1</initParam>
		<initParam name="className">com.percussion.services.filter.impl.PSPreviewFilter</initParam>
		<initParam name="com.percussion.extension.reentrant">yes</initParam>
		<initParam name="com.percussion.services.filter.priority">99</initParam>
		<interface name="com.percussion.services.filter.IPSItemFilterRule"/>
		<suppliedResources/>
     </Extension>
     <Extension name="sys_publicFilter" context="global/percussion/itemfilter" handler="Java" categorystring="itemfilter" deprecated="no">
		<initParam name="com.percussion.user.description">Items revisions are filtered to select the public revision of items</initParam>
		<initParam name="com.percussion.extension.version">1</initParam>
		<initParam name="className">com.percussion.services.filter.impl.PSPublicFilter</initParam>
		<initParam name="com.percussion.extension.reentrant">yes</initParam>
		<initParam name="com.percussion.services.filter.priority">99</initParam>
		<interface name="com.percussion.services.filter.IPSItemFilterRule"/>
		<suppliedResources/>
     </Extension>
     	<Extension categorystring="" context="global/percussion/itemfilter/" deprecated="no" handler="Java" name="PSOStagingRevisionFilter" restoreRequestParamsOnError="no">
		<initParam name="com.percussion.user.description">Filter rule that corrects the revision of  items in staging states. </initParam>
		<initParam name="com.percussion.extension.version">2</initParam>
		<initParam name="com.percussion.extension.reentrant">yes</initParam>
		<initParam name="com.percussion.services.filter.priority">1</initParam>
		<initParam name="className">com.percussion.pso.itemfilter.PSORevisionCorrectingItemFilter</initParam>
		<interface name="com.percussion.services.filter.IPSItemFilterRule"/>
		<PSXExtensionParamDef id="0">
			<name>workflow_states</name>
			<dataType>java.lang.String</dataType>
			<description>Names of states where current revision is used, comma separated</description>
		</PSXExtensionParamDef>
		<suppliedResources/>
	</Extension>
    <Extension categorystring="publisher" context="global/percussion/cms/publisher/" deprecated="no" handler="Java" name="PSOPublishContent" restoreRequestParamsOnError="no">
		<initParam name="com.percussion.user.description">This exit allows an edition to be run on a workflow transition.</initParam>
		<initParam name="com.percussion.extension.version">1</initParam>
		<initParam name="com.percussion.extension.reentrant">yes</initParam>
		<initParam name="className">com.percussion.pso.workflow.PSOPublishContent</initParam>
		<interface name="com.percussion.extension.IPSWorkflowAction"/>
		<suppliedResources/>
	</Extension>
		<Extension name="PSOThumbnailGenerator" context="user/" handler="Java" categorystring="contenteditor" deprecated="no">
		<initParam name="com.percussion.user.description">Automatically generates the thumbnail for the uploaded full image./</initParam>
		<initParam name="com.percussion.extension.version">1</initParam>
		<initParam name="com.percussion.extension.reentrant">yes</initParam>
		<initParam name="className">com.percussion.pso.transform.PSOThumbnailGenerator</initParam>
		<initParam name="com.percussion.pso.transform.PSOThumbnailGenerator.compression">0.85</initParam>		
		<initParam name="com.percussion.pso.transform.PSOThumbnailGenerator.stepFactor">2</initParam>
		<initParam name="com.percussion.pso.transform.PSOThumbnailGenerator.imageFormat">jpeg</initParam>		
		<initParam name="com.percussion.pso.transform.PSOThumbnailGenerator.maxInterpolationSize">1000000</initParam>
		<interface name="com.percussion.extension.IPSRequestPreProcessor"/>
		<interface name="com.percussion.extension.IPSItemInputTransformer"/>
		<PSXExtensionParamDef id="0">
			<name>SourceFieldName</name>
			<dataType>java.lang.String</dataType>
			<description/>
		</PSXExtensionParamDef>
		<PSXExtensionParamDef id="0">
			<name>ThumbnailFieldName</name>
			<dataType>java.lang.String</dataType>
			<description/>
		</PSXExtensionParamDef>
		<PSXExtensionParamDef id="0">
			<name>MaxDimension</name>
			<dataType>java.lang.String</dataType>
			<description>Max dimension must be specified unless width or height is specified</description>
		</PSXExtensionParamDef>
		<PSXExtensionParamDef id="0">
			<name>Thumbnail_prefix</name>
			<dataType>java.lang.String</dataType>
			<description/>
		</PSXExtensionParamDef>
		<PSXExtensionParamDef id="0">
			<name>Thumbnail_Width</name>
			<dataType>java.lang.String</dataType>
			<description>Specified width for thumbnail (optional)</description>
		</PSXExtensionParamDef>
				<PSXExtensionParamDef id="0">
			<name>Thumbnail_Height</name>
			<dataType>java.lang.String</dataType>
			<description>Specified height for thumbnail (optional)</description>
		</PSXExtensionParamDef>
		
		<suppliedResources/>
	</Extension>	
	<Extension name="PSORequiredFieldsItemValidation" context="user/" handler="Java" categorystring="itemvalidation" deprecated="no" restoreRequestParamsOnError="no">
		<initParam name="com.percussion.user.description">Item Validation exit for required fields</initParam>
		<initParam name="com.percussion.extension.version">1</initParam>
		<initParam name="className">com.percussion.pso.validation.PSORequiredFieldsItemValidation</initParam>
		<initParam name="com.percussion.extension.reentrant">yes</initParam>
		<interface name="com.percussion.extension.IPSItemValidator"/>
		<interface name="com.percussion.extension.IPSResultDocumentProcessor" />
		<PSXExtensionParamDef id="0">
			<name>FieldList</name>
			<dataType>java.lang.String</dataType>
			<description>Fields to require, comma separated.</description>
		</PSXExtensionParamDef>
		<PSXExtensionParamDef id="0">
			<name>DestinationStates</name>
			<dataType>java.lang.String</dataType>
			<description>Destination States, comma separated.</description>
		</PSXExtensionParamDef>
        <suppliedResources/>
     </Extension>
		
		<Extension name="PSOValidateRelatedItems" context="user/" handler="Java" categorystring="itemvalidation" deprecated="no" restoreRequestParamsOnError="no">
		<initParam name="com.percussion.user.description">Item Validation exit for related content</initParam>
		<initParam name="com.percussion.extension.version">1</initParam>
		<initParam name="className">com.percussion.pso.validation.PSOValidateRelatedItems</initParam>
		<initParam name="com.percussion.extension.reentrant">yes</initParam>
		<interface name="com.percussion.extension.IPSItemValidator"/>
		<interface name="com.percussion.extension.IPSResultDocumentProcessor" />
		<PSXExtensionParamDef id="0">
			<name>QueryResource</name>
			<dataType>java.lang.String</dataType>
			<description>Not used in this version</description>
		</PSXExtensionParamDef>
		<PSXExtensionParamDef id="0">
			<name>TransitionID</name>
			<dataType>java.lang.String</dataType>
			<description>Transition to validate, use * for all transitions</description>
		</PSXExtensionParamDef>
		<PSXExtensionParamDef id="0">
			<name>VariantID1</name>
			<dataType>java.lang.String</dataType>
			<description>Not used in this version</description>
		</PSXExtensionParamDef>
		<PSXExtensionParamDef id="0">
			<name>SlotName1</name>
			<dataType>java.lang.String</dataType>
			<description>Slot to validate</description>
		</PSXExtensionParamDef>
		<PSXExtensionParamDef id="0">
			<name>MustOccur1</name>
			<dataType>java.lang.String</dataType>
			<description>MORE_THAN, LESS_THAN or EXACTLY</description>
		</PSXExtensionParamDef>
		<PSXExtensionParamDef id="0">
			<name>Number1</name>
			<dataType>java.lang.String</dataType>
			<description>number of items in slot</description>
		</PSXExtensionParamDef>
		<PSXExtensionParamDef id="0">
			<name>VariantID2</name>
			<dataType>java.lang.String</dataType>
			<description>Not used in this version</description>
		</PSXExtensionParamDef>
		<PSXExtensionParamDef id="0">
			<name>SlotName2</name>
			<dataType>java.lang.String</dataType>
			<description>Slot to validate</description>
		</PSXExtensionParamDef>
		<PSXExtensionParamDef id="0">
			<name>MustOccur2</name>
			<dataType>java.lang.String</dataType>
			<description>MORE_THAN, LESS_THAN or EXACTLY</description>
		</PSXExtensionParamDef>
		<PSXExtensionParamDef id="0">
			<name>Number2</name>
			<dataType>java.lang.String</dataType>
			<description>number of items in slot</description>
		</PSXExtensionParamDef>
		<PSXExtensionParamDef id="0">
			<name>VariantID3</name>
			<dataType>java.lang.String</dataType>
			<description>Not used in this version</description>
		</PSXExtensionParamDef>
		<PSXExtensionParamDef id="0">
			<name>SlotName3</name>
			<dataType>java.lang.String</dataType>
			<description>Slot to validate</description>
		</PSXExtensionParamDef>
		<PSXExtensionParamDef id="0">
			<name>MustOccur3</name>
			<dataType>java.lang.String</dataType>
			<description>MORE_THAN, LESS_THAN or EXACTLY</description>
		</PSXExtensionParamDef>
		<PSXExtensionParamDef id="0">
			<name>Number3</name>
			<dataType>java.lang.String</dataType>
			<description>number of items in slot</description>
		</PSXExtensionParamDef>
		<PSXExtensionParamDef id="0">
			<name>VariantID4</name>
			<dataType>java.lang.String</dataType>
			<description>Not used in this version</description>
		</PSXExtensionParamDef>
		<PSXExtensionParamDef id="0">
			<name>SlotName4</name>
			<dataType>java.lang.String</dataType>
			<description>Slot to validate</description>
		</PSXExtensionParamDef>
		<PSXExtensionParamDef id="0">
			<name>MustOccur4</name>
			<dataType>java.lang.String</dataType>
			<description>MORE_THAN, LESS_THAN or EXACTLY</description>
		</PSXExtensionParamDef>
		<PSXExtensionParamDef id="0">
			<name>Number4</name>
			<dataType>java.lang.String</dataType>
			<description>number of items in slot</description>
		</PSXExtensionParamDef>
		<suppliedResources/>
	</Extension>
	<Extension categorystring="SlotContentFinder" context="global/percussion/slotcontentfinder/" deprecated="no" handler="Java" name="PSOAncestorFolderSlotContentFinder" restoreRequestParamsOnError="no">
		<initParam name="com.percussion.user.description"/>
		<initParam name="com.percussion.extension.version">1</initParam>
		<initParam name="com.percussion.extension.reentrant">yes</initParam>
		<initParam name="className">com.percussion.pso.finder.PSOAncestorFolderSlotContentFinder</initParam>
		<interface name="com.percussion.services.assembly.IPSSlotContentFinder"/>
		<PSXExtensionParamDef id="0">
			<name>template</name>
			<dataType>java.lang.String</dataType>
			<description>(required) The template to use to format the ancestor item in the folder tree. If you don't provide it will use the current assembly items template.</description>
		</PSXExtensionParamDef>
		<PSXExtensionParamDef id="1">
			<name>contenttype</name>
			<dataType>java.lang.String</dataType>
			<description>(required) The contenttype of the ancestor item.</description>
		</PSXExtensionParamDef>
		<suppliedResources/>
	</Extension>
	<Extension categorystring="SlotContentFinder" context="global/percussion/slotcontentfinder/" deprecated="no" handler="Java" name="PSOReverseSlotContentFinder" restoreRequestParamsOnError="no">
		<initParam name="com.percussion.user.description"/>
		<initParam name="com.percussion.extension.version">1</initParam>
		<initParam name="com.percussion.extension.reentrant">yes</initParam>
		<initParam name="className">com.percussion.pso.finder.PSOReverseSlotContentFinder</initParam>
		<interface name="com.percussion.services.assembly.IPSSlotContentFinder"/>
		<PSXExtensionParamDef id="0">
			<name>template</name>
			<dataType>java.lang.String</dataType>
			<description>The template to use to format the returned items, will override the template specified by the relationship if defined. A typical use for this would be an FAQ where the same slot is rendered twice. You may specify either a name or an id.</description>
		</PSXExtensionParamDef>
		<PSXExtensionParamDef id="1">
			<name>max_results</name>
			<dataType>java.lang.String</dataType>
			<description>The maximum number of items to return for the slot, defaults to unlimited.</description>
		</PSXExtensionParamDef>
		<PSXExtensionParamDef id="1">
			<name>source_slot</name>
			<dataType>java.lang.String</dataType>
			<description>the name of the slot to reverse.  Null to include ALL relationships.</description>
		</PSXExtensionParamDef>		
		<PSXExtensionParamDef id="2">
			<name>order_by</name>
			<dataType>java.lang.String</dataType>
			<description>One or more comma separated field components. Each component names a field available in the related content objects and a direction. The syntax of this mirrors that for the JSR-170 queries.</description>
		</PSXExtensionParamDef>
		<suppliedResources/>
	</Extension>
	<Extension categorystring="" context="global/percussion/user/" deprecated="no" handler="Java" name="PSOSQLContentFinder" restoreRequestParamsOnError="no">
      <initParam name="com.percussion.user.description">Slot Content Finder for 	</initParam>
      <initParam name="com.percussion.extension.version">3</initParam>
      <initParam name="className">com.percussion.pso.finder.PSOSQLContentFinder</initParam>
      <initParam name="com.percussion.extension.reentrant">yes</initParam>
      <interface name="com.percussion.services.assembly.IPSSlotContentFinder"/>
      <PSXExtensionParamDef id="0">
         <name>query</name>
         <dataType>java.lang.String</dataType>
         <description>The SQL Query to execute</description>
      </PSXExtensionParamDef>
      <PSXExtensionParamDef id="0">
         <name>template</name>
         <dataType>java.lang.String</dataType>
         <description>The template to add to the slot</description>
      </PSXExtensionParamDef>
      <PSXExtensionParamDef id="0">
         <name>max_results</name>
         <dataType>java.lang.Number</dataType>
         <description>The max nr of results</description>
      </PSXExtensionParamDef>
        <PSXExtensionParamDef id="0">
         <name>order_by</name>
         <dataType>java.lang.String</dataType>
         <description>The sort order for the results</description>
      </PSXExtensionParamDef>
      <suppliedResources/>
   </Extension>
   <Extension name="PSOProxyQueryResource" context="user/" handler="Java" categorystring="contenteditor" deprecated="no" restoreRequestParamsOnError="no">
		<initParam name="com.percussion.user.description">This exit allows you to make internal request to external resource that produce XML.</initParam>
		<initParam name="com.percussion.extension.version">1</initParam>
		<initParam name="className">com.percussion.pso.legacy.PSOProxyQueryResource</initParam>
		<initParam name="com.percussion.extension.reentrant">yes</initParam>
		<interface name="com.percussion.extension.IPSResultDocumentProcessor" />
      <PSXExtensionParamDef id="0">
         <name>url</name>
         <dataType>java.lang.String</dataType>
         <description>(required) The url call.</description>
      </PSXExtensionParamDef>
      <PSXExtensionParamDef id="0">
         <name>user</name>
         <dataType>java.lang.String</dataType>
         <description>(optional) The user name if authentication is required.</description>
      </PSXExtensionParamDef>
      <PSXExtensionParamDef id="0">
         <name>password</name>
         <dataType>java.lang.String</dataType>
         <description>(optional) The password if authentication is required.</description>
      </PSXExtensionParamDef>
	</Extension>     
	<Extension name="PSOFileUploadValidation" context="user/" handler="Java" categorystring="fieldvalidation" deprecated="no">
		<initParam name="com.percussion.user.description">This UDF can be use to limit the size and/or restrict the MIME type of files being uploaded into Rhythmyx using the sys_File control.</initParam>
		<initParam name="com.percussion.extension.version">45</initParam>
		<initParam name="com.percussion.extension.reentrant">yes</initParam>
		<initParam name="className">com.percussion.pso.validation.PSOFileUploadValidation</initParam>
		<interface name="com.percussion.extension.IPSFieldValidator"/>
		<PSXExtensionParamDef id="0">
			<name>fieldName</name>
			<dataType>java.lang.String</dataType>
			<description>the name attribute of the PSXField that is mapped to a sys_File control. Cannot be null.</description>
		</PSXExtensionParamDef>
		<PSXExtensionParamDef id="0">
			<name>maxSize</name>
			<dataType>java.lang.String</dataType>
			<description>the maximum allowed file size (in bytes); a value of (-1) means unlimited.</description>
		</PSXExtensionParamDef>
		<PSXExtensionParamDef id="0">
			<name>mimeTypes</name>
			<dataType>java.lang.String</dataType>
			<description>comma-separated list of allowed Mime types, e.g., text/html, image/jpeg, etc.</description>
		</PSXExtensionParamDef>
	</Extension>
	<Extension name="PSOUniqueFieldWithInFolders" categorystring="contenteditor" context="user/" deprecated="no" handler="Java" restoreRequestParamsOnError="no">
	     <initParam name="com.percussion.user.description">Determines whether a field is unique for an item within the folders it resides.</initParam>
	     <initParam name="com.percussion.extension.version">1</initParam>
	     <initParam name="com.percussion.extension.reentrant">yes</initParam>
	     <initParam name="className">com.percussion.pso.validation.PSOUniqueFieldWithInFoldersValidator</initParam>
	  <interface name="com.percussion.extension.IPSFieldValidator" />
	  <PSXExtensionParamDef id="0">
	        <name>value</name>
	        <dataType>java.lang.String</dataType>
	        <description>Value</description>
	     </PSXExtensionParamDef>
	     <PSXExtensionParamDef id="0">
	        <name>fieldName</name>
	        <dataType>java.lang.String</dataType>
	        <description>(Optional, default = fieldname) The name of the field providing the value.</description>
	     </PSXExtensionParamDef> 
	     <PSXExtensionParamDef id="0">
	        <name>excludePromotableVersions</name>
	        <dataType>java.lang.String</dataType>
	        <description>(Optional, default = false) If True, suppress this validation for items that are promotable
	        versions of another item.</description>
	     </PSXExtensionParamDef>
	      <PSXExtensionParamDef id="0">
	        <name>checkPaths</name>
	        <dataType>java.lang.String</dataType>
	        <description>(Optional) If set will check uniqueness in each comma separated path/Site e.g. //Sites/SiteA/%,//Sites/SiteB/% </description>
	     </PSXExtensionParamDef>
	     <suppliedResources />
	</Extension>
	<Extension name="PSFolderFollowerEffect" categorystring="relationship" context="user/" deprecated="no" handler="Java" restoreRequestParamsOnError="no">
		<initParam name="com.percussion.user.description">Moves the dependent item to the owners folders.</initParam>
		<initParam name="com.percussion.extension.version">1</initParam>
		<initParam name="com.percussion.extension.reentrant">yes</initParam>
		<initParam name="className">com.percussion.pso.effects.PSFolderFollowerEffect</initParam>
		<interface name="com.percussion.relationship.IPSEffect"/>
		<suppliedResources/>
	</Extension>
		<Extension name="PSFolderOwnerSubfolderEffect" categorystring="relationship" context="user/" deprecated="no" handler="Java" restoreRequestParamsOnError="no">
		<initParam name="com.percussion.user.description">Adds the dependent item to a subfolder of the owners folders.</initParam>
		<initParam name="com.percussion.extension.version">1</initParam>
		<initParam name="com.percussion.extension.reentrant">yes</initParam>
		<initParam name="className">com.percussion.pso.effects.PSFolderOwnerSubfolderEffect</initParam>
		<interface name="com.percussion.relationship.IPSEffect"/>
		<PSXExtensionParamDef id="0">
         <name>subfolderPath</name>
         <dataType>java.lang.String</dataType>
         <description>Relative path to the subfolder.</description>
      </PSXExtensionParamDef>
		<suppliedResources/>
	</Extension>
</PSXExtensionHandlerConfiguration>
