<?xml version="1.0" encoding="utf-8"?>
<PSXExtensionHandlerConfiguration handlerName="Java">
	<Extension categorystring="" context="global/percussion/user/" deprecated="no" handler="Java" name="psoFolders" restoreRequestParamsOnError="no">
		<initParam name="com.percussion.user.description">PSO folder utilities</initParam>
		<initParam name="com.percussion.extension.version">1</initParam>
		<initParam name="com.percussion.extension.reentrant">yes</initParam>
		<initParam name="className">com.percussion.pso.jexl.PSOFolderTools</initParam>
		<interface name="com.percussion.extension.IPSJexlExpression"/>
		<suppliedResources/>
	</Extension>
	<Extension categorystring="" context="global/percussion/user/" deprecated="no" handler="Java" name="psoRelationships" restoreRequestParamsOnError="no">
		<initParam name="com.percussion.user.description">PSO Relationship utilities</initParam>
		<initParam name="com.percussion.extension.version">1</initParam>
		<initParam name="com.percussion.extension.reentrant">yes</initParam>
		<initParam name="className">com.percussion.pso.jexl.PSORelationshipTools</initParam>
		<interface name="com.percussion.extension.IPSJexlExpression"/>
		<suppliedResources/>
	</Extension>
	<Extension categorystring="" context="global/percussion/user/" deprecated="no" handler="Java" name="psoNavTools" restoreRequestParamsOnError="no">
		<initParam name="com.percussion.user.description">PSO Navigation utilities</initParam>
		<initParam name="com.percussion.extension.version">1</initParam>
		<initParam name="com.percussion.extension.reentrant">yes</initParam>
		<initParam name="className">com.percussion.pso.jexl.PSONavTools</initParam>
		<interface name="com.percussion.extension.IPSJexlExpression"/>
		<suppliedResources/>
	</Extension>
	<Extension categorystring="" context="global/percussion/user/" deprecated="no" handler="Java" name="psoTransform" restoreRequestParamsOnError="no">
		<initParam name="com.percussion.user.description">PSO Transform</initParam>
		<initParam name="com.percussion.extension.version">1</initParam>
		<initParam name="com.percussion.extension.reentrant">yes</initParam>
		<initParam name="className">com.percussion.pso.jexl.PSOTransform</initParam>
		<interface name="com.percussion.extension.IPSJexlExpression"/>
		<suppliedResources/>
	</Extension>
	<Extension categorystring="" context="global/percussion/user/" deprecated="no" handler="Java" name="psoBase64" restoreRequestParamsOnError="no">
		<initParam name="com.percussion.user.description">PSO Base64 coder/decoder. Handles some extended functions not available in the system class</initParam>
		<initParam name="com.percussion.extension.version">1</initParam>
		<initParam name="com.percussion.extension.reentrant">yes</initParam>
		<initParam name="className">com.percussion.pso.jexl.PSOBase64Codec</initParam>
		<interface name="com.percussion.extension.IPSJexlExpression"/>
		<suppliedResources/>
	</Extension>
	<Extension categorystring="" context="global/percussion/user/" deprecated="no" handler="Java" name="psoObjectFinder" restoreRequestParamsOnError="no">
		<initParam name="com.percussion.user.description">PSO Object finder. Finds legacy objects for this item.</initParam>
		<initParam name="com.percussion.extension.version">1</initParam>
		<initParam name="com.percussion.extension.reentrant">yes</initParam>
		<initParam name="className">com.percussion.pso.jexl.PSOObjectFinder</initParam>
		<interface name="com.percussion.extension.IPSJexlExpression"/>
		<suppliedResources/>
	</Extension>
	<Extension categorystring="" context="global/percussion/user/" deprecated="no" handler="Java" name="psoQueryTools" restoreRequestParamsOnError="no">
		<initParam name="com.percussion.user.description">Executes JCR Queries</initParam>
		<initParam name="com.percussion.extension.version">1</initParam>
		<initParam name="com.percussion.extension.reentrant">yes</initParam>
		<initParam name="className">com.percussion.pso.jexl.PSOQueryTools</initParam>
		<interface name="com.percussion.extension.IPSJexlExpression"/>
		<suppliedResources/>
	</Extension>
	<Extension categorystring="" context="global/percussion/user/" deprecated="no" handler="Java" name="psoStringTools" restoreRequestParamsOnError="no">
		<initParam name="com.percussion.user.description">Simple String Utilities</initParam>
		<initParam name="com.percussion.extension.version">1</initParam>
		<initParam name="com.percussion.extension.reentrant">yes</initParam>
		<initParam name="className">com.percussion.pso.jexl.PSOStringTools</initParam>
		<interface name="com.percussion.extension.IPSJexlExpression"/>
		<suppliedResources/>
	</Extension>
	<Extension categorystring="" context="global/percussion/user/" deprecated="no" handler="Java" name="psoListTools" restoreRequestParamsOnError="no">
		<initParam name="com.percussion.user.description">PSO List utilities</initParam>
		<initParam name="com.percussion.extension.version">1</initParam>
		<initParam name="com.percussion.extension.reentrant">yes</initParam>
		<initParam name="className">com.percussion.pso.jexl.PSOListTools</initParam>
		<interface name="com.percussion.extension.IPSJexlExpression"/>
		<suppliedResources/>
	</Extension>
	<Extension categorystring="" context="global/percussion/user/" deprecated="no" handler="Java" name="psoSlotTools" restoreRequestParamsOnError="no">
		<initParam name="com.percussion.user.description">PSO Slot utilities</initParam>
		<initParam name="com.percussion.extension.version">1</initParam>
		<initParam name="com.percussion.extension.reentrant">yes</initParam>
		<initParam name="className">com.percussion.pso.jexl.PSOSlotTools</initParam>
		<interface name="com.percussion.extension.IPSJexlExpression"/>
		<suppliedResources/>
	</Extension>
	<Extension categorystring="" context="global/percussion/workflow/" deprecated="no" handler="Java" name="psoWorkflowActionDispatcher" restoreRequestParamsOnError="no">
      <initParam name="com.percussion.user.description">This dispatches multiple Workflow Actions on a single transition</initParam>
      <initParam name="com.percussion.extension.version">1</initParam>
      <initParam name="com.percussion.extension.reentrant">yes</initParam>
      <initParam name="className">com.percussion.pso.workflow.PSOWFActionDispatcher</initParam>
      <interface name="com.percussion.extension.IPSWorkflowAction"/>
      <suppliedResources/>
   </Extension> 
   <Extension categorystring="" context="global/percussion/generic/" deprecated="no" handler="Java" name="PSONextNumberUdf" restoreRequestParamsOnError="no">
		<initParam name="com.percussion.user.description">Generate the next number for a key</initParam>
		<initParam name="com.percussion.extension.version">1</initParam>
		<initParam name="com.percussion.extension.reentrant">yes</initParam>
		<initParam name="className">com.percussion.pso.legacy.PSONextNumberUDF</initParam>
		<interface name="com.percussion.extension.IPSUdfProcessor"/>
		<PSXExtensionParamDef id="0">
			<name>keyName</name>
			<dataType>java.lang.String</dataType>
			<description>Next Number Table Key Name</description>
		</PSXExtensionParamDef>
		<suppliedResources/>
	</Extension>   
	<Extension name="sys_previewFilter" context="global/percussion/itemfilter" handler="Java" categorystring="itemfilter" deprecated="no">
		<initParam name="com.percussion.user.description">Items revisions are filtered to select the current or edit revisions of items</initParam>
		<initParam name="com.percussion.extension.version">1</initParam>
		<initParam name="className">com.percussion.services.filter.impl.PSPreviewFilter</initParam>
		<initParam name="com.percussion.extension.reentrant">yes</initParam>
		<initParam name="com.percussion.services.filter.priority">99</initParam>
		<interface name="com.percussion.services.filter.IPSItemFilterRule"/>
		<suppliedResources/>
     </Extension>
     <Extension name="sys_publicFilter" context="global/percussion/itemfilter" handler="Java" categorystring="itemfilter" deprecated="no">
		<initParam name="com.percussion.user.description">Items revisions are filtered to select the public revision of items</initParam>
		<initParam name="com.percussion.extension.version">1</initParam>
		<initParam name="className">com.percussion.services.filter.impl.PSPublicFilter</initParam>
		<initParam name="com.percussion.extension.reentrant">yes</initParam>
		<initParam name="com.percussion.services.filter.priority">99</initParam>
		<interface name="com.percussion.services.filter.IPSItemFilterRule"/>
		<suppliedResources/>
     </Extension>
     	<Extension categorystring="" context="global/percussion/itemfilter/" deprecated="no" handler="Java" name="PSOStagingRevisionFilter" restoreRequestParamsOnError="no">
		<initParam name="com.percussion.user.description">Filter rule that corrects the revision of  items in staging states. </initParam>
		<initParam name="com.percussion.extension.version">2</initParam>
		<initParam name="com.percussion.extension.reentrant">yes</initParam>
		<initParam name="com.percussion.services.filter.priority">1</initParam>
		<initParam name="className">com.percussion.pso.itemfilter.PSORevisionCorrectingItemFilter</initParam>
		<interface name="com.percussion.services.filter.IPSItemFilterRule"/>
		<PSXExtensionParamDef id="0">
			<name>workflow_states</name>
			<dataType>java.lang.String</dataType>
			<description>Names of states where current revision is used, comma separated</description>
		</PSXExtensionParamDef>
		<suppliedResources/>
	</Extension>
    <Extension categorystring="publisher" context="global/percussion/cms/publisher/" deprecated="no" handler="Java" name="PSOPublishContent" restoreRequestParamsOnError="no">
		<initParam name="com.percussion.user.description">This exit allows an edition to be run on a workflow transition.</initParam>
		<initParam name="com.percussion.extension.version">1</initParam>
		<initParam name="com.percussion.extension.reentrant">yes</initParam>
		<initParam name="className">com.percussion.pso.workflow.PSOPublishContent</initParam>
		<interface name="com.percussion.extension.IPSWorkflowAction"/>
		<suppliedResources/>
	</Extension>
		<Extension name="PSOThumbnailGenerator" context="user/" handler="Java" categorystring="contenteditor" deprecated="no">
		<initParam name="com.percussion.user.description">Automatically generates the thumbnail for the uploaded full image./</initParam>
		<initParam name="com.percussion.extension.version">1</initParam>
		<initParam name="com.percussion.extension.reentrant">yes</initParam>
		<initParam name="className">com.percussion.pso.transform.PSOThumbnailGenerator</initParam>
		<interface name="com.percussion.extension.IPSRequestPreProcessor"/>
		<interface name="com.percussion.extension.IPSItemInputTransformer"/>
		<PSXExtensionParamDef id="0">
			<name>SourceFieldName</name>
			<dataType>java.lang.String</dataType>
			<description/>
		</PSXExtensionParamDef>
		<PSXExtensionParamDef id="0">
			<name>ThumbnailFieldName</name>
			<dataType>java.lang.String</dataType>
			<description/>
		</PSXExtensionParamDef>
		<PSXExtensionParamDef id="0">
			<name>MaxDimension</name>
			<dataType>java.lang.String</dataType>
			<description/>
		</PSXExtensionParamDef>
		<PSXExtensionParamDef id="0">
			<name>Thumbnail_prefix</name>
			<dataType>java.lang.String</dataType>
			<description/>
		</PSXExtensionParamDef>
		<suppliedResources/>
	</Extension>
		<Extension name="PSOValidateRelatedItems" context="user/" handler="Java" categorystring="itemvalidation" deprecated="no" restoreRequestParamsOnError="no">
		<initParam name="com.percussion.user.description">Item Validation exit for related content</initParam>
		<initParam name="com.percussion.extension.version">1</initParam>
		<initParam name="className">com.percussion.pso.validation.PSOValidateRelatedItems</initParam>
		<initParam name="com.percussion.extension.reentrant">yes</initParam>
		<interface name="com.percussion.extension.IPSItemValidator"/>
		<interface name="com.percussion.extension.IPSResultDocumentProcessor" />
		<PSXExtensionParamDef id="0">
			<name>QueryResource</name>
			<dataType>java.lang.String</dataType>
			<description>Not used in this version</description>
		</PSXExtensionParamDef>
		<PSXExtensionParamDef id="0">
			<name>TransitionID</name>
			<dataType>java.lang.String</dataType>
			<description>Transition to validate, use * for all transitions</description>
		</PSXExtensionParamDef>
		<PSXExtensionParamDef id="0">
			<name>VariantID1</name>
			<dataType>java.lang.String</dataType>
			<description>Not used in this version</description>
		</PSXExtensionParamDef>
		<PSXExtensionParamDef id="0">
			<name>SlotName1</name>
			<dataType>java.lang.String</dataType>
			<description>Slot to validate</description>
		</PSXExtensionParamDef>
		<PSXExtensionParamDef id="0">
			<name>MustOccur1</name>
			<dataType>java.lang.String</dataType>
			<description>MORE_THAN, LESS_THAN or EXACTLY</description>
		</PSXExtensionParamDef>
		<PSXExtensionParamDef id="0">
			<name>Number1</name>
			<dataType>java.lang.String</dataType>
			<description>number of items in slot</description>
		</PSXExtensionParamDef>
		<PSXExtensionParamDef id="0">
			<name>VariantID2</name>
			<dataType>java.lang.String</dataType>
			<description>Not used in this version</description>
		</PSXExtensionParamDef>
		<PSXExtensionParamDef id="0">
			<name>SlotName2</name>
			<dataType>java.lang.String</dataType>
			<description>Slot to validate</description>
		</PSXExtensionParamDef>
		<PSXExtensionParamDef id="0">
			<name>MustOccur2</name>
			<dataType>java.lang.String</dataType>
			<description>MORE_THAN, LESS_THAN or EXACTLY</description>
		</PSXExtensionParamDef>
		<PSXExtensionParamDef id="0">
			<name>Number2</name>
			<dataType>java.lang.String</dataType>
			<description>number of items in slot</description>
		</PSXExtensionParamDef>
		<PSXExtensionParamDef id="0">
			<name>VariantID3</name>
			<dataType>java.lang.String</dataType>
			<description>Not used in this version</description>
		</PSXExtensionParamDef>
		<PSXExtensionParamDef id="0">
			<name>SlotName3</name>
			<dataType>java.lang.String</dataType>
			<description>Slot to validate</description>
		</PSXExtensionParamDef>
		<PSXExtensionParamDef id="0">
			<name>MustOccur3</name>
			<dataType>java.lang.String</dataType>
			<description>MORE_THAN, LESS_THAN or EXACTLY</description>
		</PSXExtensionParamDef>
		<PSXExtensionParamDef id="0">
			<name>Number3</name>
			<dataType>java.lang.String</dataType>
			<description>number of items in slot</description>
		</PSXExtensionParamDef>
		<PSXExtensionParamDef id="0">
			<name>VariantID4</name>
			<dataType>java.lang.String</dataType>
			<description>Not used in this version</description>
		</PSXExtensionParamDef>
		<PSXExtensionParamDef id="0">
			<name>SlotName4</name>
			<dataType>java.lang.String</dataType>
			<description>Slot to validate</description>
		</PSXExtensionParamDef>
		<PSXExtensionParamDef id="0">
			<name>MustOccur4</name>
			<dataType>java.lang.String</dataType>
			<description>MORE_THAN, LESS_THAN or EXACTLY</description>
		</PSXExtensionParamDef>
		<PSXExtensionParamDef id="0">
			<name>Number4</name>
			<dataType>java.lang.String</dataType>
			<description>number of items in slot</description>
		</PSXExtensionParamDef>
		<suppliedResources/>
	</Extension>
	<Extension categorystring="SlotContentFinder" context="global/percussion/slotcontentfinder/" deprecated="no" handler="Java" name="PSOReverseSlotContentFinder" restoreRequestParamsOnError="no">
		<initParam name="com.percussion.user.description"/>
		<initParam name="com.percussion.extension.version">1</initParam>
		<initParam name="com.percussion.extension.reentrant">yes</initParam>
		<initParam name="className">com.percussion.pso.finder.PSOReverseSlotContentFinder</initParam>
		<interface name="com.percussion.services.assembly.IPSSlotContentFinder"/>
		<PSXExtensionParamDef id="0">
			<name>template</name>
			<dataType>java.lang.String</dataType>
			<description>The template to use to format the returned items, will override the template specified by the relationship if defined. A typical use for this would be an FAQ where the same slot is rendered twice. You may specify either a name or an id.</description>
		</PSXExtensionParamDef>
		<PSXExtensionParamDef id="1">
			<name>max_results</name>
			<dataType>java.lang.String</dataType>
			<description>The maximum number of items to return for the slot, defaults to unlimited.</description>
		</PSXExtensionParamDef>
		<PSXExtensionParamDef id="1">
			<name>source_slot</name>
			<dataType>java.lang.String</dataType>
			<description>the name of the slot to reverse.  Null to include ALL relationships.</description>
		</PSXExtensionParamDef>		
		<PSXExtensionParamDef id="2">
			<name>order_by</name>
			<dataType>java.lang.String</dataType>
			<description>One or more comma separated field components. Each component names a field available in the related content objects and a direction. The syntax of this mirrors that for the JSR-170 queries.</description>
		</PSXExtensionParamDef>
		<suppliedResources/>
	</Extension>
	<Extension categorystring="" context="global/percussion/user/" deprecated="no" handler="Java" name="PSOSQLContentFinder" restoreRequestParamsOnError="no">
      <initParam name="com.percussion.user.description">Slot Content Finder for 	</initParam>
      <initParam name="com.percussion.extension.version">3</initParam>
      <initParam name="className">com.percussion.pso.finder.PSOSQLContentFinder</initParam>
      <initParam name="com.percussion.extension.reentrant">yes</initParam>
      <interface name="com.percussion.services.assembly.IPSSlotContentFinder"/>
      <PSXExtensionParamDef id="0">
         <name>query</name>
         <dataType>java.lang.String</dataType>
         <description>The SQL Query to execute</description>
      </PSXExtensionParamDef>
      <PSXExtensionParamDef id="0">
         <name>template</name>
         <dataType>java.lang.String</dataType>
         <description>The template to add to the slot</description>
      </PSXExtensionParamDef>
      <PSXExtensionParamDef id="0">
         <name>max_results</name>
         <dataType>java.lang.Number</dataType>
         <description>The max nr of results</description>
      </PSXExtensionParamDef>
      <suppliedResources/>
   </Extension>     
</PSXExtensionHandlerConfiguration>
