<?xml version="1.0" encoding="utf-8"?>
<PSXExtensionHandlerConfiguration handlerName="Java">
	<Extension categorystring="" context="global/percussion/user/" deprecated="no" handler="Java" name="psoFolders" restoreRequestParamsOnError="no">
		<initParam name="com.percussion.user.description">PSO folder utilities</initParam>
		<initParam name="com.percussion.extension.version">1</initParam>
		<initParam name="com.percussion.extension.reentrant">yes</initParam>
		<initParam name="className">com.percussion.pso.jexl.PSOFolderTools</initParam>
		<interface name="com.percussion.extension.IPSJexlExpression"/>
		<suppliedResources/>
	</Extension>
	<Extension categorystring="" context="global/percussion/user/" deprecated="no" handler="Java" name="psoRelationships" restoreRequestParamsOnError="no">
		<initParam name="com.percussion.user.description">PSO Relationship utilities</initParam>
		<initParam name="com.percussion.extension.version">1</initParam>
		<initParam name="com.percussion.extension.reentrant">yes</initParam>
		<initParam name="className">com.percussion.pso.jexl.PSORelationshipTools</initParam>
		<interface name="com.percussion.extension.IPSJexlExpression"/>
		<suppliedResources/>
	</Extension>
	<Extension categorystring="" context="global/percussion/user/" deprecated="no" handler="Java" name="psoNavTools" restoreRequestParamsOnError="no">
		<initParam name="com.percussion.user.description">PSO Navigation utilities</initParam>
		<initParam name="com.percussion.extension.version">1</initParam>
		<initParam name="com.percussion.extension.reentrant">yes</initParam>
		<initParam name="className">com.percussion.pso.jexl.PSONavTools</initParam>
		<interface name="com.percussion.extension.IPSJexlExpression"/>
		<suppliedResources/>
	</Extension>
	<Extension categorystring="" context="global/percussion/user/" deprecated="no" handler="Java" name="psoTransform" restoreRequestParamsOnError="no">
		<initParam name="com.percussion.user.description">PSO Transform</initParam>
		<initParam name="com.percussion.extension.version">1</initParam>
		<initParam name="com.percussion.extension.reentrant">yes</initParam>
		<initParam name="className">com.percussion.pso.jexl.PSOTransform</initParam>
		<interface name="com.percussion.extension.IPSJexlExpression"/>
		<suppliedResources/>
	</Extension>
	<Extension categorystring="" context="global/percussion/user/" deprecated="no" handler="Java" name="psoListTools" restoreRequestParamsOnError="no">
		<initParam name="com.percussion.user.description">PSO List utilities</initParam>
		<initParam name="com.percussion.extension.version">1</initParam>
		<initParam name="com.percussion.extension.reentrant">yes</initParam>
		<initParam name="className">com.percussion.pso.jexl.PSOListTools</initParam>
		<interface name="com.percussion.extension.IPSJexlExpression"/>
		<suppliedResources/>
	</Extension>
	<Extension categorystring="" context="global/percussion/user/" deprecated="no" handler="Java" name="psoSlotTools" restoreRequestParamsOnError="no">
		<initParam name="com.percussion.user.description">PSO Slot utilities</initParam>
		<initParam name="com.percussion.extension.version">1</initParam>
		<initParam name="com.percussion.extension.reentrant">yes</initParam>
		<initParam name="className">com.percussion.pso.jexl.PSOSlotTools</initParam>
		<interface name="com.percussion.extension.IPSJexlExpression"/>
		<suppliedResources/>
	</Extension>
	<Extension categorystring="" context="global/percussion/workflow/" deprecated="no" handler="Java" name="psoWorkflowActionDispatcher" restoreRequestParamsOnError="no">
      <initParam name="com.percussion.user.description">This dispatches multiple Workflow Actions on a single transition</initParam>
      <initParam name="com.percussion.extension.version">1</initParam>
      <initParam name="com.percussion.extension.reentrant">yes</initParam>
      <initParam name="className">com.percussion.pso.workflow.PSOWFActionDispatcher</initParam>
      <interface name="com.percussion.extension.IPSWorkflowAction"/>
      <suppliedResources/>
   </Extension> 
   <Extension categorystring="" context="global/percussion/generic/" deprecated="no" handler="Java" name="PSONextNumberUdf" restoreRequestParamsOnError="no">
		<initParam name="com.percussion.user.description">Generate the next number for a key</initParam>
		<initParam name="com.percussion.extension.version">1</initParam>
		<initParam name="com.percussion.extension.reentrant">yes</initParam>
		<initParam name="className">com.percussion.pso.legacy.PSONextNumberUDF</initParam>
		<interface name="com.percussion.extension.IPSUdfProcessor"/>
		<PSXExtensionParamDef id="0">
			<name>keyName</name>
			<dataType>java.lang.String</dataType>
			<description>Next Number Table Key Name</description>
		</PSXExtensionParamDef>
		<suppliedResources/>
	</Extension>   
	<Extension name="sys_previewFilter" context="global/percussion/itemfilter" handler="Java" categorystring="itemfilter" deprecated="no">
		<initParam name="com.percussion.user.description">Items revisions are filtered to select the current or edit revisions of items</initParam>
		<initParam name="com.percussion.extension.version">1</initParam>
		<initParam name="className">com.percussion.services.filter.impl.PSPreviewFilter</initParam>
		<initParam name="com.percussion.extension.reentrant">yes</initParam>
		<initParam name="com.percussion.services.filter.priority">99</initParam>
		<interface name="com.percussion.services.filter.IPSItemFilterRule"/>
		<suppliedResources/>
     </Extension>
     <Extension name="sys_publicFilter" context="global/percussion/itemfilter" handler="Java" categorystring="itemfilter" deprecated="no">
		<initParam name="com.percussion.user.description">Items revisions are filtered to select the public revision of items</initParam>
		<initParam name="com.percussion.extension.version">1</initParam>
		<initParam name="className">com.percussion.services.filter.impl.PSPublicFilter</initParam>
		<initParam name="com.percussion.extension.reentrant">yes</initParam>
		<initParam name="com.percussion.services.filter.priority">99</initParam>
		<interface name="com.percussion.services.filter.IPSItemFilterRule"/>
		<suppliedResources/>
     </Extension>
     	<Extension categorystring="" context="global/percussion/itemfilter/" deprecated="no" handler="Java" name="PSOStagingRevisionFilter" restoreRequestParamsOnError="no">
		<initParam name="com.percussion.user.description">Filter rule that corrects the revision of  items in staging states. </initParam>
		<initParam name="com.percussion.extension.version">2</initParam>
		<initParam name="com.percussion.extension.reentrant">yes</initParam>
		<initParam name="com.percussion.services.filter.priority">1</initParam>
		<initParam name="className">com.percussion.pso.itemfilter.PSORevisionCorrectingItemFilter</initParam>
		<interface name="com.percussion.services.filter.IPSItemFilterRule"/>
		<PSXExtensionParamDef id="0">
			<name>workflow_states</name>
			<dataType>java.lang.String</dataType>
			<description>Names of states where current revision is used, comma separated</description>
		</PSXExtensionParamDef>
		<suppliedResources/>
	</Extension>
    <Extension categorystring="publisher" context="global/percussion/cms/publisher/" deprecated="no" handler="Java" name="PSOPublishContent" restoreRequestParamsOnError="no">
		<initParam name="com.percussion.user.description">This exit allows an edition to be run on a workflow transition.</initParam>
		<initParam name="com.percussion.extension.version">1</initParam>
		<initParam name="com.percussion.extension.reentrant">yes</initParam>
		<initParam name="className">com.percussion.pso.workflow.PSOPublishContent</initParam>
		<interface name="com.percussion.extension.IPSWorkflowAction"/>
		<suppliedResources/>
	</Extension>
	<Extension categorystring="SlotContentFinder" context="global/percussion/slotcontentfinder/" deprecated="no" handler="Java" name="PSOReverseSlotContentFinder" restoreRequestParamsOnError="no">
		<initParam name="com.percussion.user.description"/>
		<initParam name="com.percussion.extension.version">1</initParam>
		<initParam name="com.percussion.extension.reentrant">yes</initParam>
		<initParam name="className">com.percussion.pso.finder.PSOReverseSlotContentFinder</initParam>
		<interface name="com.percussion.services.assembly.IPSSlotContentFinder"/>
		<PSXExtensionParamDef id="0">
			<name>template</name>
			<dataType>java.lang.String</dataType>
			<description>The template to use to format the returned items, will override the template specified by the relationship if defined. A typical use for this would be an FAQ where the same slot is rendered twice. You may specify either a name or an id.</description>
		</PSXExtensionParamDef>
		<PSXExtensionParamDef id="1">
			<name>max_results</name>
			<dataType>java.lang.String</dataType>
			<description>The maximum number of items to return for the slot, defaults to unlimited.</description>
		</PSXExtensionParamDef>
		<PSXExtensionParamDef id="1">
			<name>source_slot</name>
			<dataType>java.lang.String</dataType>
			<description>the name of the slot to reverse.  Null to include ALL relationships.</description>
		</PSXExtensionParamDef>		
		<PSXExtensionParamDef id="2">
			<name>order_by</name>
			<dataType>java.lang.String</dataType>
			<description>One or more comma separated field components. Each component names a field available in the related content objects and a direction. The syntax of this mirrors that for the JSR-170 queries.</description>
		</PSXExtensionParamDef>
		<suppliedResources/>
	</Extension>
	
     
</PSXExtensionHandlerConfiguration>
