<?xml version="1.0" encoding="utf-8"?>
<PSXExtensionHandlerConfiguration handlerName="Java">
	<Extension categorystring="" context="global/percussion/user/" deprecated="no" handler="Java" name="psoFolders" restoreRequestParamsOnError="no">
		<initParam name="com.percussion.user.description">PSO folder utilities</initParam>
		<initParam name="com.percussion.extension.version">1</initParam>
		<initParam name="com.percussion.extension.reentrant">yes</initParam>
		<initParam name="className">com.percussion.pso.jexl.PSOFolderTools</initParam>
		<interface name="com.percussion.extension.IPSJexlExpression"/>
		<suppliedResources/>
	</Extension>
	<Extension categorystring="" context="global/percussion/user/" deprecated="no" handler="Java" name="psoRelationships" restoreRequestParamsOnError="no">
		<initParam name="com.percussion.user.description">PSO Relationship utilities</initParam>
		<initParam name="com.percussion.extension.version">1</initParam>
		<initParam name="com.percussion.extension.reentrant">yes</initParam>
		<initParam name="className">com.percussion.pso.jexl.PSORelationshipTools</initParam>
		<interface name="com.percussion.extension.IPSJexlExpression"/>
		<suppliedResources/>
	</Extension>
	<Extension categorystring="" context="global/percussion/user/" deprecated="no" handler="Java" name="psoNavTools" restoreRequestParamsOnError="no">
		<initParam name="com.percussion.user.description">PSO Navigation utilities</initParam>
		<initParam name="com.percussion.extension.version">1</initParam>
		<initParam name="com.percussion.extension.reentrant">yes</initParam>
		<initParam name="className">com.percussion.pso.jexl.PSONavTools</initParam>
		<interface name="com.percussion.extension.IPSJexlExpression"/>
		<suppliedResources/>
	</Extension>
	<Extension categorystring="" context="global/percussion/user/" deprecated="no" handler="Java" name="psoListTools" restoreRequestParamsOnError="no">
		<initParam name="com.percussion.user.description">PSO List utilities</initParam>
		<initParam name="com.percussion.extension.version">1</initParam>
		<initParam name="com.percussion.extension.reentrant">yes</initParam>
		<initParam name="className">com.percussion.pso.jexl.PSOListTools</initParam>
		<interface name="com.percussion.extension.IPSJexlExpression"/>
		<suppliedResources/>
	</Extension>
	<Extension categorystring="" context="global/percussion/user/" deprecated="no" handler="Java" name="psoSlotTools" restoreRequestParamsOnError="no">
		<initParam name="com.percussion.user.description">PSO Slot utilities</initParam>
		<initParam name="com.percussion.extension.version">1</initParam>
		<initParam name="com.percussion.extension.reentrant">yes</initParam>
		<initParam name="className">com.percussion.pso.jexl.PSOSlotTools</initParam>
		<interface name="com.percussion.extension.IPSJexlExpression"/>
		<suppliedResources/>
	</Extension>
	<Extension categorystring="" context="global/percussion/workflow/" deprecated="no" handler="Java" name="psoWorkflowActionDispatcher" restoreRequestParamsOnError="no">
      <initParam name="com.percussion.user.description">This dispatches multiple Workflow Actions on a single transition</initParam>
      <initParam name="com.percussion.extension.version">1</initParam>
      <initParam name="com.percussion.extension.reentrant">yes</initParam>
      <initParam name="className">com.percussion.pso.workflow.PSOWFActionDispatcher</initParam>
      <interface name="com.percussion.extension.IPSWorkflowAction"/>
      <suppliedResources/>
   </Extension> 
</PSXExtensionHandlerConfiguration>
