<?xml version="1.0" encoding="UTF-8"?>
<beans xmlns="http://www.springframework.org/schema/beans"
	xmlns:xsi="http://www.w3.org/2001/XMLSchema-instance"
	xmlns:aop="http://www.springframework.org/schema/aop"
	xmlns:lang="http://www.springframework.org/schema/lang"
	xmlns:util="http://www.springframework.org/schema/util"
	xsi:schemaLocation="http://www.springframework.org/schema/beans http://www.springframework.org/schema/beans/spring-beans-2.0.xsd
		http://www.springframework.org/schema/aop http://www.springframework.org/schema/aop/spring-aop-2.1.xsd
		http://www.springframework.org/schema/lang http://www.springframework.org/schema/lang/spring-lang-2.0.xsd
		http://www.springframework.org/schema/util http://www.springframework.org/schema/util/spring-util-2.0.xsd">

    <bean id="psoWFActionService" class="com.percussion.pso.workflow.PSOWFActionService"
      init-method="init">
      <!--  <property name="transitionActions">
          <map>
              <entry key="workflow1">
                  <map>
                     <entry key="transition1">
                         <list>
                            <value>action1</value>
                            <value>action2</value>
                         </list>
                     </entry> 
                  </map>
              </entry>
          </map>          
       </property>  -->
    </bean>
</beans>
